{
    "newsroom_trad": 0.8240630626678467,
    "newsroom_new": 0.833208292722702,
    "realsumm_trad": 0.8896887898445129,
    "realsumm_new": 0.8487609922885895
}