{
    "newsroom": {
        "trad": 0.8240630626678467,
        "new": 0.833208292722702
    },
    "realsumm_abs": {
        "trad": 0.892392098903656,
        "new": 0.839426577091217
    },
    "realsumm_ext": {
        "trad": 0.886663168668747,
        "new": 0.8586989939212799
    }
}