{
    "newsroom": {
        "trad": 0.15913188457489014,
        "new": 0.2561105638742447
    },
    "realsumm_abs": {
        "trad": 0.35117775201797485,
        "new": 0.3593190014362335
    },
    "realsumm_ext": {
        "trad": 0.3568170517683029,
        "new": 0.40320098400115967
    }
}