{
    "newsroom": {
        "trad": 0.025807175939788568,
        "new": 1.5211554714578227e-07
    },
    "realsumm_abs": {
        "trad": 0.28558113371119914,
        "new": 6.279479878646037e-13
    },
    "realsumm_ext": {
        "trad": 0.2533088765302216,
        "new": 4.534925490764843e-11
    }
}