{
    "newsroom_trad": 0.1591319590806961,
    "newsroom_new": 0.2561105489730835,
    "realsumm_trad": 0.3536473214626312,
    "realsumm_new": 0.3774920254945755
}