{
    "newsroom_trad": 0.025807175939788568,
    "newsroom_new": 1.5211554714578227e-07,
    "realsumm_trad": 0.26960181867606486,
    "realsumm_new": 4.773580576230785e-12
}