{
    "newsroom_trad": -0.8954173028469086,
    "newsroom_new": -1.5445693731307983,
    "realsumm_trad": -0.10003693401813507,
    "realsumm_new": -1.0423275232315063
}