{
    "newsroom": {
        "rouge1": {
            "trad": {
                "pearsonr": 0.10333377778856395,
                "kendalltau": 0.09035838869367877,
                "spearmanr": 0.12109894758863406
            },
            "new": {
                "pearsonr": 0.23519412380421426,
                "kendalltau": 0.230049970457926,
                "spearmanr": 0.30462475688828616
            }
        },
        "rouge2": {
            "trad": {
                "pearsonr": 0.06644461559584176,
                "kendalltau": 0.1138195521743324,
                "spearmanr": 0.13823255830098669
            },
            "new": {
                "pearsonr": 0.25458466208533526,
                "kendalltau": 0.24969212916375597,
                "spearmanr": 0.32867059081418815
            }
        },
        "rougeL": {
            "trad": {
                "pearsonr": 0.07623355526295279,
                "kendalltau": 0.07146006058955642,
                "spearmanr": 0.09565963935782064
            },
            "new": {
                "pearsonr": 0.24483542655678758,
                "kendalltau": 0.23978776919636247,
                "spearmanr": 0.31730189772502404
            }
        },
        "rougeLsum": {
            "trad": {
                "pearsonr": 0.07623355526295279,
                "kendalltau": 0.07146006058955642,
                "spearmanr": 0.09565963935782064
            },
            "new": {
                "pearsonr": 0.24483542655678758,
                "kendalltau": 0.23978776919636247,
                "spearmanr": 0.31730189772502404
            }
        },
        "bertscore": {
            "trad": {
                "pearsonr": 0.16125554302690662,
                "kendalltau": 0.10242119795409017,
                "spearmanr": 0.1379064759053414
            },
            "new": {
                "pearsonr": 0.3928302882896783,
                "kendalltau": 0.27059707169252417,
                "spearmanr": 0.3551119576052184
            }
        },
        "bleurt": {
            "trad": {
                "pearsonr": 0.18272509551507893,
                "kendalltau": 0.12375329709515975,
                "spearmanr": 0.16588893405626537
            },
            "new": {
                "pearsonr": 0.3289958775679059,
                "kendalltau": 0.23010560372522243,
                "spearmanr": 0.304950841486319
            }
        }
    },
    "realsumm_abs": {
        "rouge1": {
            "trad": {
                "pearsonr": 0.5840501663551281,
                "kendalltau": 0.41054106736403634,
                "spearmanr": 0.5728265389879345
            },
            "new": {
                "pearsonr": 0.3233123444275029,
                "kendalltau": 0.21543617665062453,
                "spearmanr": 0.31698043204022797
            }
        },
        "rouge2": {
            "trad": {
                "pearsonr": 0.5655386668052393,
                "kendalltau": 0.4129394700887854,
                "spearmanr": 0.5758401967870274
            },
            "new": {
                "pearsonr": 0.32411722841106394,
                "kendalltau": 0.2173068213130148,
                "spearmanr": 0.32019622910470497
            }
        },
        "rougeL": {
            "trad": {
                "pearsonr": 0.5128340976719938,
                "kendalltau": 0.35970070962517414,
                "spearmanr": 0.5103572079605415
            },
            "new": {
                "pearsonr": 0.32676399139344814,
                "kendalltau": 0.2174161106949151,
                "spearmanr": 0.3200441891567805
            }
        },
        "rougeLsum": {
            "trad": {
                "pearsonr": 0.5128340976719938,
                "kendalltau": 0.35970070962517414,
                "spearmanr": 0.5103572079605415
            },
            "new": {
                "pearsonr": 0.32676399139344814,
                "kendalltau": 0.2174161106949151,
                "spearmanr": 0.3200441891567805
            }
        },
        "bertscore": {
            "trad": {
                "pearsonr": 0.44853862591075916,
                "kendalltau": 0.298181723844647,
                "spearmanr": 0.4267872545556184
            },
            "new": {
                "pearsonr": 0.18434675916303808,
                "kendalltau": 0.1260188322398467,
                "spearmanr": 0.18643722186111403
            }
        },
        "bleurt": {
            "trad": {
                "pearsonr": 0.5639529039182334,
                "kendalltau": 0.38726835325371395,
                "spearmanr": 0.5448529525837188
            },
            "new": {
                "pearsonr": 0.23286929878314155,
                "kendalltau": 0.15180020999940166,
                "spearmanr": 0.22489590287772943
            }
        }
    },
    "realsumm_ext": {
        "rouge1": {
            "trad": {
                "pearsonr": 0.2547127415815572,
                "kendalltau": 0.14861665986848718,
                "spearmanr": 0.20988246942755948
            },
            "new": {
                "pearsonr": 0.17056769992946544,
                "kendalltau": 0.11668324576907085,
                "spearmanr": 0.1707065957005945
            }
        },
        "rouge2": {
            "trad": {
                "pearsonr": 0.2971352930625117,
                "kendalltau": 0.19116419778764435,
                "spearmanr": 0.2712405237874062
            },
            "new": {
                "pearsonr": 0.16979206605718555,
                "kendalltau": 0.119155874680575,
                "spearmanr": 0.1740230088329624
            }
        },
        "rougeL": {
            "trad": {
                "pearsonr": 0.24168161174441327,
                "kendalltau": 0.15966207551799702,
                "spearmanr": 0.2316855126892376
            },
            "new": {
                "pearsonr": 0.17064807216820463,
                "kendalltau": 0.11848948672705939,
                "spearmanr": 0.17271776887656132
            }
        },
        "rougeLsum": {
            "trad": {
                "pearsonr": 0.24168161174441327,
                "kendalltau": 0.15966207551799702,
                "spearmanr": 0.2316855126892376
            },
            "new": {
                "pearsonr": 0.17064807216820463,
                "kendalltau": 0.11848948672705939,
                "spearmanr": 0.17271776887656132
            }
        },
        "bertscore": {
            "trad": {
                "pearsonr": 0.21735376940093853,
                "kendalltau": 0.1319744755333444,
                "spearmanr": 0.1900601668858958
            },
            "new": {
                "pearsonr": 0.06441272082620707,
                "kendalltau": 0.03716375638430696,
                "spearmanr": 0.054132651023105986
            }
        },
        "bleurt": {
            "trad": {
                "pearsonr": 0.27598918859939253,
                "kendalltau": 0.16133375638247577,
                "spearmanr": 0.23304264278372805
            },
            "new": {
                "pearsonr": 0.060340096339920005,
                "kendalltau": 0.0300019473396218,
                "spearmanr": 0.043896416724389244
            }
        }
    }
}