{
    "newsroom": {
        "rouge": {
            "trad": {
                "pearsonr": 0.11106143364000053,
                "kendalltau": 0.10602680906646196,
                "spearmanr": 0.1397098905487075
            },
            "new": {
                "pearsonr": 0.2762327000780565,
                "kendalltau": 0.23293903083433434,
                "spearmanr": 0.30593656617202547
            }
        },
        "bertscore": {
            "trad": {
                "pearsonr": 0.16125554302690662,
                "kendalltau": 0.10242119795409017,
                "spearmanr": 0.1379064759053414
            },
            "new": {
                "pearsonr": 0.3928302947147771,
                "kendalltau": 0.27059707169252417,
                "spearmanr": 0.3551119576052184
            }
        },
        "bleurt": {
            "trad": {
                "pearsonr": 0.18272518329471585,
                "kendalltau": 0.12375329709515975,
                "spearmanr": 0.16588893405626537
            },
            "new": {
                "pearsonr": 0.3289960652491189,
                "kendalltau": 0.23010560372522243,
                "spearmanr": 0.304950841486319
            }
        }
    },
    "realsumm": {
        "rouge": {
            "trad": {
                "pearsonr": 0.37212138996056393,
                "kendalltau": 0.2545682384180153,
                "spearmanr": 0.36499989106700154
            },
            "new": {
                "pearsonr": 0.22431606583491895,
                "kendalltau": 0.1549284159113137,
                "spearmanr": 0.22871308951625027
            }
        },
        "bertscore": {
            "trad": {
                "pearsonr": 0.32921746787497247,
                "kendalltau": 0.21063816230297105,
                "spearmanr": 0.30330598474856657
            },
            "new": {
                "pearsonr": 0.2103906477609907,
                "kendalltau": 0.13744840539742786,
                "spearmanr": 0.20382133554699586
            }
        },
        "bleurt": {
            "trad": {
                "pearsonr": 0.4495575446086458,
                "kendalltau": 0.2961164821409889,
                "spearmanr": 0.42266089299907333
            },
            "new": {
                "pearsonr": 0.20380161682504735,
                "kendalltau": 0.13226979422811355,
                "spearmanr": 0.19613516786440793
            }
        }
    }
}