{
    "rouge1": {
        "newsroom_trad": 0.1875,
        "newsroom_new": 0.044964028776978415,
        "realsumm_trad": 0.3461538461538462,
        "realsumm_new": 0.07461328480436762
    },
    "rouge2": {
        "newsroom_trad": 0.0,
        "newsroom_new": 0.03603603603603604,
        "realsumm_trad": 0.11688311688311688,
        "realsumm_new": 0.07012750455373405
    },
    "rougeL": {
        "newsroom_trad": 0.125,
        "newsroom_new": 0.039568345323741004,
        "realsumm_trad": 0.19230769230769232,
        "realsumm_new": 0.07461328480436762
    },
    "rougeLsum": {
        "newsroom_trad": 0.125,
        "newsroom_new": 0.039568345323741004,
        "realsumm_trad": 0.19230769230769232,
        "realsumm_new": 0.07461328480436762
    }
}