{
    "rouge1": {
        "newsroom": {
            "trad": 0.09302325581395349,
            "new": 0.11062269691924953
        },
        "realsumm_abs": {
            "trad": 0.46031746031746035,
            "new": 0.051092469299570835
        },
        "realsumm_ext": {
            "trad": 0.4552845528455285,
            "new": 0.06323567363459788
        }
    },
    "rouge2": {
        "newsroom": {
            "trad": 0.0,
            "new": 0.09841341013348051
        },
        "realsumm_abs": {
            "trad": 0.21212121212121213,
            "new": 0.04684080371914136
        },
        "realsumm_ext": {
            "trad": 0.20979020979020976,
            "new": 0.059257566184399146
        }
    },
    "rougeL": {
        "newsroom": {
            "trad": 0.08108108108108109,
            "new": 0.10254924624254445
        },
        "realsumm_abs": {
            "trad": 0.3185840707964602,
            "new": 0.05056744076682575
        },
        "realsumm_ext": {
            "trad": 0.30136986301369867,
            "new": 0.06303348653972422
        }
    },
    "rougeLsum": {
        "newsroom": {
            "trad": 0.08108108108108109,
            "new": 0.10254924624254445
        },
        "realsumm_abs": {
            "trad": 0.3185840707964602,
            "new": 0.05056744076682575
        },
        "realsumm_ext": {
            "trad": 0.30136986301369867,
            "new": 0.06303348653972422
        }
    }
}