{
    "newsroom": {
        "bertscore-sentence": {
            "pearsonr": {
                "(Coherence, P)": 0.6420093899971998,
                "(Coherence, R)": 0.4707240100527591,
                "(Coherence, F)": 0.5509485618264296,
                "(Informativeness, P)": 0.7068599311485386,
                "(Informativeness, R)": 0.6370770438805435,
                "(Informativeness, F)": 0.6986466628736085,
                "(Fluency, P)": 0.5919915007921712,
                "(Fluency, R)": 0.4155398465865318,
                "(Fluency, F)": 0.49217630377225247,
                "(Relevance, P)": 0.7493382508892217,
                "(Relevance, R)": 0.6189331808011034,
                "(Relevance, F)": 0.6985174403750466
            },
            "kendalltau": {
                "(Coherence, P)": 0.4599703768447911,
                "(Coherence, R)": 0.3221509993327448,
                "(Coherence, F)": 0.3731546081580914,
                "(Informativeness, P)": 0.4352450064949642,
                "(Informativeness, R)": 0.4457690218925458,
                "(Informativeness, F)": 0.4791962720328406,
                "(Fluency, P)": 0.44054781803757204,
                "(Fluency, R)": 0.2864448902360722,
                "(Fluency, F)": 0.33911574956077045,
                "(Relevance, P)": 0.450459888403456,
                "(Relevance, R)": 0.4106832426505696,
                "(Relevance, F)": 0.4493601235260625
            },
            "spearmanr": {
                "(Coherence, P)": 0.6134452767630848,
                "(Coherence, R)": 0.44222986643011347,
                "(Coherence, F)": 0.5066475681304835,
                "(Informativeness, P)": 0.5857378891557679,
                "(Informativeness, R)": 0.5996269437322165,
                "(Informativeness, F)": 0.6386625701739536,
                "(Fluency, P)": 0.591170808572363,
                "(Fluency, R)": 0.3945964218282078,
                "(Fluency, F)": 0.4624801496005824,
                "(Relevance, P)": 0.6001043893908033,
                "(Relevance, R)": 0.5547699234102075,
                "(Relevance, F)": 0.6013216259072565
            }
        }
    },
    "realsumm_abs": {
        "bertscore-sentence": {
            "pearsonr": {
                "(litepyramid_recall, P)": 0.06159846993929815,
                "(litepyramid_recall, R)": 0.3520037694452085,
                "(litepyramid_recall, F)": 0.37448996192534034
            },
            "kendalltau": {
                "(litepyramid_recall, P)": 0.05096063483837915,
                "(litepyramid_recall, R)": 0.2263688793499535,
                "(litepyramid_recall, F)": 0.24076803273150732
            },
            "spearmanr": {
                "(litepyramid_recall, P)": 0.07565233829396732,
                "(litepyramid_recall, R)": 0.33046118435804156,
                "(litepyramid_recall, F)": 0.34953079586803276
            }
        }
    },
    "realsumm_ext": {
        "bertscore-sentence": {
            "pearsonr": {
                "(litepyramid_recall, P)": 0.018451597529333473,
                "(litepyramid_recall, R)": 0.17396396291579957,
                "(litepyramid_recall, F)": 0.16817103607428355
            },
            "kendalltau": {
                "(litepyramid_recall, P)": 0.019848652671053846,
                "(litepyramid_recall, R)": 0.11685916654209433,
                "(litepyramid_recall, F)": 0.1142752792079305
            },
            "spearmanr": {
                "(litepyramid_recall, P)": 0.02887930271611975,
                "(litepyramid_recall, R)": 0.17139750531929557,
                "(litepyramid_recall, F)": 0.1690092576047637
            }
        }
    }
}