{
    "newsroom": {
        "bertscore-sentence": {
            "pearsonr": 0.6060635102496171,
            "kendalltau": 0.4076748330975401,
            "spearmanr": 0.5492327860912533
        }
    },
    "realsumm_abs": {
        "bertscore-sentence": {
            "pearsonr": 0.26269740043661566,
            "kendalltau": 0.1726991823066133,
            "spearmanr": 0.25188143950668057
        }
    },
    "realsumm_ext": {
        "bertscore-sentence": {
            "pearsonr": 0.12019553217313887,
            "kendalltau": 0.08366103280702623,
            "spearmanr": 0.123095355213393
        }
    }
}