{
  "('spearmanr', 'Pyramid', 'new', 'bertscore-deberta-base-mnli', 'precision')": {
    "0": 0.5223293654,
    "1": 0.3670289554,
    "2": 0.3936004322,
    "3": 0.1951489037,
    "4": 0.424251562,
    "5": 0.4490972932,
    "6": 0.1231121868,
    "7": 0.4261247518,
    "8": 0.0906997557,
    "9": 0.4531215128,
    "10": 0.2924734697,
    "11": 0.2096923973,
    "12": 0.5251456188,
    "13": 0.3561617335,
    "14": 0.3032827117,
    "15": 0.4138263062,
    "16": 0.439318087,
    "17": 0.2797270874,
    "18": 0.1751054257,
    "19": 0.3516968334,
    "20": 0.3598445173,
    "21": 0.3927451554,
    "22": 0.1270938963,
    "23": 0.1017493863,
    "24": 0.1646402928,
    "25": 0.5735294764,
    "26": 0.1946337203,
    "27": 0.5146836172,
    "28": 0.0965418507,
    "29": 0.1729138252,
    "30": 0.1570960599,
    "31": 0.375798268,
    "32": 0.4345883823,
    "33": 0.3298138747,
    "34": 0.4843968161,
    "35": 0.3245766518,
    "36": 0.5685483146,
    "37": 0.2123974463,
    "38": 0.2964780303,
    "39": 0.2663026047,
    "40": 0.2796490681,
    "41": 0.3319137388,
    "42": 0.2096503996,
    "43": 0.4130437988,
    "44": 0.329729546,
    "45": 0.4716140235,
    "average": 0.3255416772
  },
  "('spearmanr', 'Pyramid', 'new', 'bertscore-deberta-base-mnli', 'recall')": {
    "0": 0.5245864104,
    "1": 0.3087604443,
    "2": 0.4391254955,
    "3": 0.1885177331,
    "4": 0.3097708439,
    "5": 0.3960324386,
    "6": 0.2178705505,
    "7": 0.4364619694,
    "8": 0.0647317492,
    "9": 0.4221101263,
    "10": 0.267697021,
    "11": 0.2752334284,
    "12": 0.5467805599,
    "13": 0.3990913677,
    "14": 0.3079102401,
    "15": 0.343079182,
    "16": 0.4713134331,
    "17": 0.4104142915,
    "18": 0.2445421448,
    "19": 0.2886741498,
    "20": 0.3182844274,
    "21": 0.3055510575,
    "22": 0.1144576301,
    "23": 0.048686188,
    "24": 0.2308279909,
    "25": 0.5014056735,
    "26": 0.2627194558,
    "27": 0.3886756836,
    "28": 0.0893041014,
    "29": 0.2350127191,
    "30": 0.190927691,
    "31": 0.3243365139,
    "32": 0.4017113629,
    "33": 0.3697099694,
    "34": 0.5632400756,
    "35": 0.1539300769,
    "36": 0.5456010428,
    "37": 0.1931027414,
    "38": 0.2327194749,
    "39": 0.3430206053,
    "40": 0.3523597101,
    "41": 0.2253839585,
    "42": 0.1539660629,
    "43": 0.3672580486,
    "44": 0.310557978,
    "45": 0.2573721205,
    "average": 0.3118005639
  },
  "('spearmanr', 'Pyramid', 'new', 'bertscore-deberta-base-mnli', 'f1')": {
    "0": 0.5687101873,
    "1": 0.3653004448,
    "2": 0.4230976687,
    "3": 0.2189069411,
    "4": 0.3927630696,
    "5": 0.455043078,
    "6": 0.1844981291,
    "7": 0.4603328914,
    "8": 0.0777038954,
    "9": 0.45645679,
    "10": 0.2992225536,
    "11": 0.2478877428,
    "12": 0.5600471312,
    "13": 0.4164099692,
    "14": 0.321291118,
    "15": 0.4300402471,
    "16": 0.472787649,
    "17": 0.3598643049,
    "18": 0.2118670985,
    "19": 0.3309612605,
    "20": 0.3552374834,
    "21": 0.3817942828,
    "22": 0.1251211942,
    "23": 0.0897684595,
    "24": 0.2263878644,
    "25": 0.5751339222,
    "26": 0.2472981617,
    "27": 0.4753816283,
    "28": 0.0999308888,
    "29": 0.210682154,
    "30": 0.1766558984,
    "31": 0.3690833031,
    "32": 0.4480078512,
    "33": 0.3627389795,
    "34": 0.5421120066,
    "35": 0.2662256284,
    "36": 0.5748701844,
    "37": 0.2212249096,
    "38": 0.306595148,
    "39": 0.3102467365,
    "40": 0.3230132267,
    "41": 0.2901574156,
    "42": 0.1937931744,
    "43": 0.4210256154,
    "44": 0.3341739425,
    "45": 0.4024175659,
    "average": 0.3387449956
  },
  "('spearmanr', 'Linguistic', 'new', 'bertscore-deberta-base-mnli', 'precision')": {
    "0": 0.3723829518,
    "1": 0.1684614136,
    "2": 0.3887927445,
    "3": 0.1749095512,
    "4": 0.4512664128,
    "5": 0.3720613437,
    "6": 0.0360831719,
    "7": 0.3740078919,
    "8": 0.0823419096,
    "9": 0.2825883326,
    "10": 0.1627981833,
    "11": 0.1741843233,
    "12": 0.3061234489,
    "13": 0.2197837624,
    "14": 0.2010497219,
    "15": 0.3846451619,
    "16": 0.1570244081,
    "17": 0.1936449521,
    "18": 0.2847204964,
    "19": 0.1590050282,
    "20": 0.3003950202,
    "21": 0.341426337,
    "22": 0.1470100606,
    "23": 0.2463460074,
    "24": 0.1064590673,
    "25": 0.4390296883,
    "26": 0.163082948,
    "27": 0.2976537095,
    "28": 0.1417600217,
    "29": 0.3524607428,
    "30": 0.1561699459,
    "31": 0.3583372269,
    "32": 0.3179882334,
    "33": 0.2663205103,
    "34": 0.357084404,
    "35": 0.2115320752,
    "36": 0.4257518349,
    "37": 0.1551570205,
    "38": 0.3030904937,
    "39": 0.2812927506,
    "40": 0.2602554147,
    "41": 0.2475632827,
    "42": 0.1688658016,
    "43": 0.2964622956,
    "44": 0.2214219032,
    "45": 0.2459591039,
    "average": 0.2555380676
  },
  "('spearmanr', 'Linguistic', 'new', 'bertscore-deberta-base-mnli', 'recall')": {
    "0": 0.3954187119,
    "1": 0.2359513284,
    "2": 0.4005668383,
    "3": 0.1462241397,
    "4": 0.3106279783,
    "5": 0.3177238265,
    "6": 0.0396084155,
    "7": 0.3737304574,
    "8": 0.0585698965,
    "9": 0.2772164754,
    "10": 0.2093745055,
    "11": 0.2177400708,
    "12": 0.2877141509,
    "13": 0.2056749346,
    "14": 0.2408275985,
    "15": 0.3232310759,
    "16": 0.2051584765,
    "17": 0.3039349294,
    "18": 0.2805630508,
    "19": 0.136362879,
    "20": 0.2769955409,
    "21": 0.2395416542,
    "22": 0.1223632444,
    "23": 0.1608645056,
    "24": 0.1198543717,
    "25": 0.4614698563,
    "26": 0.1407772106,
    "27": 0.3021012541,
    "28": 0.1175637709,
    "29": 0.3705096915,
    "30": 0.1231893181,
    "31": 0.3627342239,
    "32": 0.2843579777,
    "33": 0.345831064,
    "34": 0.4013344113,
    "35": 0.0959912448,
    "36": 0.3755923881,
    "37": 0.1146506196,
    "38": 0.2496127483,
    "39": 0.3190942272,
    "40": 0.3380192281,
    "41": 0.1385962449,
    "42": 0.1214330327,
    "43": 0.3255978493,
    "44": 0.2244294502,
    "45": 0.065361474,
    "average": 0.2426975292
  },
  "('spearmanr', 'Linguistic', 'new', 'bertscore-deberta-base-mnli', 'f1')": {
    "0": 0.4102295547,
    "1": 0.2112718537,
    "2": 0.4090310225,
    "3": 0.1748087135,
    "4": 0.4113270149,
    "5": 0.3686343174,
    "6": 0.0331566349,
    "7": 0.3927550437,
    "8": 0.0647120442,
    "9": 0.2904970182,
    "10": 0.193445987,
    "11": 0.1949245234,
    "12": 0.305342967,
    "13": 0.2395742763,
    "14": 0.2337040307,
    "15": 0.4004723797,
    "16": 0.1846680364,
    "17": 0.2551958938,
    "18": 0.2953005082,
    "19": 0.1502368884,
    "20": 0.3010905559,
    "21": 0.3189528885,
    "22": 0.1515879137,
    "23": 0.2308893679,
    "24": 0.1109001354,
    "25": 0.4752106209,
    "26": 0.1683809674,
    "27": 0.3102780592,
    "28": 0.1419858372,
    "29": 0.3890375879,
    "30": 0.141284224,
    "31": 0.3772103415,
    "32": 0.3259454451,
    "33": 0.3177643818,
    "34": 0.3892735935,
    "35": 0.1735194749,
    "36": 0.4367013528,
    "37": 0.1497945245,
    "38": 0.3284195148,
    "39": 0.3050640077,
    "40": 0.3032705402,
    "41": 0.2032907212,
    "42": 0.1540276942,
    "43": 0.3228500686,
    "44": 0.2338112112,
    "45": 0.1736980174,
    "average": 0.2642071251
  },
  "('spearmanr', 'Overall', 'new', 'bertscore-deberta-base-mnli', 'precision')": {
    "0": 0.4997282059,
    "1": 0.3391098952,
    "2": 0.4201420155,
    "3": 0.204321646,
    "4": 0.4034047559,
    "5": 0.4382045243,
    "6": 0.0525632029,
    "7": 0.4140538119,
    "8": 0.043448368,
    "9": 0.4680382231,
    "10": 0.2544591787,
    "11": 0.1623525698,
    "12": 0.5134194695,
    "13": 0.2815395353,
    "14": 0.2340013711,
    "15": 0.4174975221,
    "16": 0.3363990881,
    "17": 0.2693702306,
    "18": 0.1730081889,
    "19": 0.3203945695,
    "20": 0.3270825094,
    "21": 0.3714883759,
    "22": 0.118716808,
    "23": 0.0978395381,
    "24": 0.1629870269,
    "25": 0.5876286247,
    "26": 0.2068007815,
    "27": 0.3990809751,
    "28": 0.1105115695,