{
  "('pearsonr', 'Pyramid', 'new', 'bertscore-deberta-large-mnli', 'precision')": {
    "0": 0.5678821132,
    "1": 0.5296167592,
    "2": 0.6557486953,
    "3": 0.4164124486,
    "4": 0.6074100765,
    "5": 0.5957244537,
    "6": 0.0664034153,
    "7": 0.61087784,
    "8": 0.1246616323,
    "9": 0.585720594,
    "10": 0.326752574,
    "11": 0.4469022887,
    "12": 0.7334602535,
    "13": 0.6468350673,
    "14": 0.6110184944,
    "15": 0.6363407218,
    "16": 0.3495837389,
    "17": 0.3685934965,
    "18": 0.2969930548,
    "19": 0.5044934598,
    "20": 0.6472973543,
    "21": 0.6397456739,
    "22": 0.0915778283,
    "23": 0.2460889753,
    "24": 0.3744396914,
    "25": 0.7877792088,
    "26": 0.2022425427,
    "27": 0.551026629,
    "28": 0.2571455144,
    "29": 0.4347825884,
    "30": 0.3264227625,
    "31": 0.5758525302,
    "32": 0.658245008,
    "33": 0.3678270456,
    "34": 0.75766726,
    "35": 0.65887509,
    "36": 0.6274058636,
    "37": -0.0149496469,
    "38": 0.5918150864,
    "39": 0.3238901497,
    "40": 0.6289375012,
    "41": 0.4352755525,
    "42": 0.2428968592,
    "43": 0.689283322,
    "44": 0.4442605355,
    "45": 0.4636287349,
    "average": 0.4715411052
  },
  "('pearsonr', 'Pyramid', 'new', 'bertscore-deberta-large-mnli', 'recall')": {
    "0": 0.6038999395,
    "1": 0.5323386224,
    "2": 0.598201947,
    "3": 0.4012907219,
    "4": 0.5171556825,
    "5": 0.482020302,
    "6": 0.3955426773,
    "7": 0.4607907937,
    "8": 0.1806307241,
    "9": 0.4965364677,
    "10": 0.3028428112,
    "11": 0.5160374781,
    "12": 0.5542360651,
    "13": 0.6421389672,
    "14": 0.6452466892,
    "15": 0.5656190035,
    "16": 0.363511954,
    "17": 0.4958291378,
    "18": 0.3286389283,
    "19": 0.3653300311,
    "20": 0.607794385,
    "21": 0.5967160574,
    "22": 0.1071530729,
    "23": 0.2041076455,
    "24": 0.4155716942,
    "25": 0.6612925903,
    "26": 0.3665979203,
    "27": 0.5401016081,
    "28": 0.2041270416,
    "29": 0.5660441973,
    "30": 0.4581804839,
    "31": 0.5937179601,
    "32": 0.5646514636,
    "33": 0.3759277683,
    "34": 0.6869474262,
    "35": 0.4466168494,
    "36": 0.602085669,
    "37": 0.0845238016,
    "38": 0.4867546365,
    "39": 0.4467804016,
    "40": 0.5263439577,
    "41": 0.3159310078,
    "42": 0.272942985,
    "43": 0.6562850461,
    "44": 0.5210087742,
    "45": 0.4156433345,
    "average": 0.4602540592
  },
  "('pearsonr', 'Pyramid', 'new', 'bertscore-deberta-large-mnli', 'f1')": {
    "0": 0.60928728,
    "1": 0.5504766993,
    "2": 0.6485986631,
    "3": 0.4196732242,
    "4": 0.5694872344,
    "5": 0.5421669145,
    "6": 0.2854297652,
    "7": 0.5365138299,
    "8": 0.1556450592,
    "9": 0.5321243205,
    "10": 0.3335434388,
    "11": 0.5035233845,
    "12": 0.6369069866,
    "13": 0.7408181582,
    "14": 0.6546116431,
    "15": 0.6112233359,
    "16": 0.3601100753,
    "17": 0.463000348,
    "18": 0.3278063242,
    "19": 0.4527390084,
    "20": 0.6658209973,
    "21": 0.6521861305,
    "22": 0.1172777022,
    "23": 0.2368154521,
    "24": 0.4269959478,
    "25": 0.7324413991,
    "26": 0.3349042786,
    "27": 0.552403444,
    "28": 0.2448881553,
    "29": 0.5382670972,
    "30": 0.4312801641,
    "31": 0.6222760048,
    "32": 0.6251694268,
    "33": 0.3817739523,
    "34": 0.7233329542,
    "35": 0.5686584691,
    "36": 0.6617108216,
    "37": 0.058548232,
    "38": 0.5567509185,
    "39": 0.4124450145,
    "40": 0.5751735745,
    "41": 0.3650283145,
    "42": 0.2688636905,
    "43": 0.6899971655,
    "44": 0.5052392148,
    "45": 0.4456438421,
    "average": 0.4853821317
  },
  "('kendalltau', 'Pyramid', 'new', 'bertscore-deberta-large-mnli', 'precision')": {
    "0": 0.4696143986,
    "1": 0.4258214058,
    "2": 0.438345741,
    "3": 0.3934716368,
    "4": 0.4892239929,
    "5": 0.460326065,
    "6": 0.1951387808,
    "7": 0.4700110193,
    "8": 0.0009350533,
    "9": 0.3684627151,
    "10": 0.3037847261,
    "11": 0.28399879,
    "12": 0.5726760583,
    "13": 0.4930021489,
    "14": 0.2936121122,
    "15": 0.4712668391,
    "16": 0.4857430255,
    "17": 0.3994499135,
    "18": 0.2091578929,
    "19": 0.4439907815,
    "20": 0.4573223578,
    "21": 0.4061340044,
    "22": 0.1109870708,
    "23": 0.2235723891,
    "24": 0.2620546795,
    "25": 0.5852493507,
    "26": 0.168294708,
    "27": 0.5051717408,
    "28": 0.2052012155,
    "29": 0.1587357635,
    "30": 0.0955558963,
    "31": 0.3623049869,
    "32": 0.5348920525,
    "33": 0.4575873837,
    "34": 0.6022621616,
    "35": 0.4909057676,
    "36": 0.5081709336,
    "37": 0.0659028493,
    "38": 0.2705475996,
    "39": 0.2566117032,
    "40": 0.4406178675,
    "41": 0.4015263798,
    "42": 0.1688979909,
    "43": 0.5033647392,
    "44": 0.1617520367,
    "45": 0.5888947588,
    "average": 0.3621859018
  },
  "('kendalltau', 'Pyramid', 'new', 'bertscore-deberta-large-mnli', 'recall')": {
    "0": 0.6318032936,
    "1": 0.4162091845,
    "2": 0.5412217751,
    "3": 0.2461510369,
    "4": 0.4685260547,
    "5": 0.4013009005,
    "6": 0.3500984916,
    "7": 0.4681347278,
    "8": 0.073937763,
    "9": 0.5282944938,
    "10": 0.3096419313,
    "11": 0.3369922601,
    "12": 0.5748167922,
    "13": 0.6101726624,
    "14": 0.3889892951,
    "15": 0.4261868371,
    "16": 0.6092846043,
    "17": 0.4908990945,
    "18": 0.245336364,
    "19": 0.3709711489,
    "20": 0.4462602843,
    "21": 0.403158775,
    "22": 0.0950770912,
    "23": 0.0313952717,
    "24": 0.2018190877,
    "25": 0.5483008434,
    "26": 0.3218617184,
    "27": 0.4859763597,
    "28": 0.1655903209,
    "29": 0.2689170582,
    "30": 0.2491947883,
    "31": 0.4058484864,
    "32": 0.5344564436,
    "33": 0.5487170745,
    "34": 0.6421157653,
    "35": 0.2494311039,
    "36": 0.5226414411,
    "37": 0.1708862671,
    "38": 0.2782177112,
    "39": 0.3676982296,
    "40": 0.5439610774,
    "41": 0.3178840009,
    "42": 0.1433554048,
    "43": 0.5537432668,
    "44": 0.274856674,
    "45": 0.5880902635,
    "average": 0.388009207
  },
  "('kendalltau', 'Pyramid', 'new', 'bertscore-deberta-large-mnli', 'f1')": {
    "0": 0.5645106351,
    "1": 0.4277438501,
    "2": 0.4923246221,
    "3": 0.3070769098,
    "4": 0.5193300848,
    "5": 0.4696068325,
    "6": 0.3058425123,
    "7": 0.4718873108,
    "8": 0.0589083549,
    "9": 0.4774976002,
    "10": 0.3190215775,
    "11": 0.2802247197,
    "12": 0.5989198056,
    "13": 0.6300443431,
    "14": 0.3498782057,
    "15": 0.4560946853,
    "16": 0.5793351306,
    "17": 0.5079655808,
    "18": 0.230169188,
    "19": 0.4573295604,
    "20": 0.5033363117,
    "21": 0.4526024259,
    "22": 0.1170406201,
    "23": 0.1227838286,
    "24": 0.2752516778,
    "25": 0.6005095549,
    "26": 0.3159873135,
    "27": 0.5388498569,
    "28": 0.2127315353,
    "29": 0.2167279905,
    "30": 0.170422743,
    "31": 0.3864359255,
    "32": 0.5623897072,
    "33": 0.5334531224,
    "34": 0.6271828405,
    "35": 0.4346951835,
    "36": 0.5569148583,
    "37": 0.1365180793,
    "38": 0.2931717891,
    "39": 0.3054901229,
    "40": 0.4911222483,
    "41": 0.3694581013,
    "42": 0.1330425515,
    "43": 0.518658591,
    "44": 0.2275813539,
    "45": 0.6254511056,
    "average": 0.3963374119
  },
  "('spearmanr', 'Pyramid', 'new', 'bertscore-deberta-large-mnli', 'precision')": {
    "0": 0.6416583712,
    "1": 0.5870485725,
    "2": 0.5890739934,
    "3": 0.5107909284,
    "4": 0.7030115722,
    "5": 0.6345709094,
    "6": 0.2526122416,
    "7": 0.6217800729,
    "8": -0.0448456559,
    "9": 0.5174725105,
    "10": 0.4290991583,
    "11": 0.4125252435,
    "12": 0.7577868284,
    "13": 0.650148763,
    "14": 0.4134360806,
    "15": 0.6678241483,
    "16": 0.6772198079,
    "17": 0.509953231,
    "18": 0.3148419711,
    "19": 0.5963186101,
    "20": 0.641792838,
    "21": 0.5810994499,
    "22": 0.173854471,
    "23": 0.3087839709,
    "24": 0.3904726041,
    "25": 0.7345940756,
    "26": 0.2490673117,
    "27": 0.6653166313,
    "28": 0.2990998426,