{
    "rouge1": [
        [
            0.9323847428416235,
            0.029517126867857516,
            0.05709719879647119
        ],
        [
            0.934127631642505,
            0.029863438280725817,
            0.05774017916785571
        ],
        [
            0.9357313495829074,
            0.030203306928015036,
            0.058379108649318126
        ]
    ],
    "rouge2": [
        [
            0.8693038613208933,
            0.027256993844642623,
            0.05274487091628952
        ],
        [
            0.8710249432062669,
            0.027581154082434514,
            0.05334525371791894
        ],
        [
            0.8728587442063046,
            0.027909007821685854,
            0.053958984425076705
        ]
    ],
    "rougeL": [
        [
            0.9245108460774711,
            0.02927839739431062,
            0.05663749853060114
        ],
        [
            0.9259607520173185,
            0.029618801001104825,
            0.05727081765584016
        ],
        [
            0.927395036037829,
            0.029928022504035267,
            0.05784873104350915
        ]
    ],
    "rougeLsum": [
        [
            0.9245550684515529,
            0.029284889840184073,
            0.05664260851791545
        ],
        [
            0.9259693189350289,
            0.029621903036364798,
            0.05727567358527873
        ],
        [
            0.9274788169958259,
            0.029947625848342256,
            0.05788065418082147
        ]
    ]
}