{
    "rouge1": [
        [
            0.4251336589612481,
            0.5283294166191577,
            0.46132801187670064
        ],
        [
            0.429706456002077,
            0.5339680579572059,
            0.4652896812266577
        ],
        [
            0.4342508807929262,
            0.5391183779367299,
            0.46927895585549917
        ]
    ],
    "rouge2": [
        [
            0.204572548871375,
            0.2526019710641047,
            0.22130850561745258
        ],
        [
            0.20849050000126,
            0.25749728003323924,
            0.2251537599774614
        ],
        [
            0.21315392227686267,
            0.26271628850992884,
            0.22971792033534721
        ]
    ],
    "rougeL": [
        [
            0.30108371512010595,
            0.37136009664330877,
            0.3253591139219179
        ],
        [
            0.3055250537138789,
            0.3761962633205518,
            0.3294047384039038
        ],
        [
            0.31039538037723463,
            0.38149659664788527,
            0.33379964212290025
        ]
    ],
    "rougeLsum": [
        [
            0.30120150809213836,
            0.3712576273018698,
            0.32513354759350854
        ],
        [
            0.3054912610550312,
            0.37624566221077393,
            0.3293993195398448
        ],
        [
            0.30997456141622476,
            0.38123569695690945,
            0.3337277620128487
        ]
    ]
}