{
    "rouge1": [
        [
            0.870055477714388,
            0.08494618003535317,
            0.1427486160935399
        ],
        [
            0.8836467369078577,
            0.09128528499717509,
            0.15120821162912385
        ],
        [
            0.89753392353006,
            0.09720753392781238,
            0.1591219725032357
        ]
    ],
    "rouge2": [
        [
            0.7070496468258078,
            0.07489084641722947,
            0.12557454196720771
        ],
        [
            0.7259544095704213,
            0.08069892372286139,
            0.1330433996535399
        ],
        [
            0.744172762736552,
            0.08673514323660736,
            0.1409519355339296
        ]
    ],
    "rougeL": [
        [
            0.8019767574795238,
            0.07920957871060263,
            0.13280289396390205
        ],
        [
            0.8156955185618876,
            0.08497297147404351,
            0.14071325561640366
        ],
        [
            0.8290496582384369,
            0.09069611035600326,
            0.14842111109172756
        ]
    ],
    "rougeLsum": [
        [
            0.8013836419383716,
            0.0794182827146309,
            0.13303664223299838
        ],
        [
            0.8157890745615841,
            0.08489515919277389,
            0.14060129819160613
        ],
        [
            0.8289455287174499,
            0.09083629277431074,
            0.14859307765798194
        ]
    ]
}