{
    "rouge1": [
        [
            0.07532845816571695,
            0.3054272619306688,
            0.1106324520180023
        ],
        [
            0.07993148622149865,
            0.3180000774659294,
            0.11630642383249995
        ],
        [
            0.08491579032022199,
            0.33248578355588043,
            0.1221758233684775
        ]
    ],
    "rouge2": [
        [
            0.019469836418071623,
            0.0821425298687205,
            0.02894272446201936
        ],
        [
            0.022289451856604397,
            0.08987029174529186,
            0.03250297363238549
        ],
        [
            0.025634748058017978,
            0.09868998905635831,
            0.03632100207336645
        ]
    ],
    "rougeL": [
        [
            0.06436812254694187,
            0.25590234377064724,
            0.09352655891692295
        ],
        [
            0.06876787069249882,
            0.26775917615986555,
            0.09869920167116034
        ],
        [
            0.07355702784064491,
            0.28006484024799283,
            0.10404500263898957
        ]
    ],
    "rougeLsum": [
        [
            0.06405399193681743,
            0.25602136008107984,
            0.09346229702809622
        ],
        [
            0.06876792617022905,
            0.26747499588038437,
            0.09865725901697793
        ],
        [
            0.07350310969846192,
            0.27910564103178376,
            0.10388922982600492
        ]
    ]
}